{"text": " Genau, und wir versuchen jetzt etwas aufzunehmen. Wir brauchen jetzt ein bisschen Text. Mit dem Text werde ich dann testen, ob es irgendeine App gibt, die das dann in normalen Text umformen kann. Genau, 1, 2, 3, 25, 27, 6, 4, 3, 6, 2 warme H\u00fchnchen und ein Eis. Genau, das reicht erst mal.", "segments": [{"id": 0, "seek": 0, "start": 0.0, "end": 6.0, "text": " Genau, und wir versuchen jetzt etwas aufzunehmen. Wir brauchen jetzt ein bisschen", "tokens": [50364, 22340, 11, 674, 1987, 34749, 4354, 9569, 2501, 89, 2613, 9547, 13, 4347, 19543, 4354, 1343, 10763, 50664], "temperature": 0.0, "avg_logprob": -0.2056364844827091, "compression_ratio": 1.419889502762431, "no_speech_prob": 0.13497844338417053}, {"id": 1, "seek": 0, "start": 6.0, "end": 11.92, "text": " Text. Mit dem Text werde ich dann testen, ob es irgendeine App gibt, die das dann in", "tokens": [50664, 18643, 13, 10821, 1371, 18643, 24866, 1893, 3594, 1500, 268, 11, 1111, 785, 3418, 27429, 533, 3132, 6089, 11, 978, 1482, 3594, 294, 50960], "temperature": 0.0, "avg_logprob": -0.2056364844827091, "compression_ratio": 1.419889502762431, "no_speech_prob": 0.13497844338417053}, {"id": 2, "seek": 0, "start": 11.92, "end": 23.16, "text": " normalen Text umformen kann. Genau, 1, 2, 3, 25, 27, 6, 4, 3, 6, 2 warme H\u00fchnchen und ein", "tokens": [50960, 2710, 268, 18643, 1105, 837, 268, 4028, 13, 22340, 11, 502, 11, 568, 11, 805, 11, 3552, 11, 7634, 11, 1386, 11, 1017, 11, 805, 11, 1386, 11, 568, 1516, 1398, 389, 7254, 77, 2470, 674, 1343, 51522], "temperature": 0.0, "avg_logprob": -0.2056364844827091, "compression_ratio": 1.419889502762431, "no_speech_prob": 0.13497844338417053}, {"id": 3, "seek": 2316, "start": 23.16, "end": 28.48, "text": " Eis. Genau, das reicht erst mal.", "tokens": [50364, 43174, 13, 22340, 11, 1482, 47000, 11301, 2806, 13, 50630], "temperature": 0.0, "avg_logprob": -0.5713477929433187, "compression_ratio": 0.8, "no_speech_prob": 0.5088434219360352}], "language": "German"}